{"cameraMode":{"drawMode":0,"name":"Shaded","section":"Shading Mode"},"sceneLighting":true,"audioPlay":false,"sceneViewState":{"showFog":true,"showMaterialUpdate":false,"showSkybox":true,"showFlares":true,"showImageEffects":true,"showParticleSystems":true},"in2DMode":false,"pivot":{"x":10.131640434265137,"y":-1.1657594442367554,"z":-1.9132003784179688},"rotation":{"x":0.13263458013534547,"y":-0.08315490186214447,"z":0.011167564429342747,"w":0.9876071214675903},"size":4.288116455078125,"orthographic":false}